{"cameraMode":{"drawMode":0,"name":"Shaded","section":"Shading Mode"},"sceneLighting":false,"audioPlay":false,"sceneViewState":{"m_AlwaysRefresh":false,"showFog":true,"showSkybox":false,"showFlares":true,"showImageEffects":true,"showParticleSystems":true,"showVisualEffectGraphs":true,"m_FxEnabled":true},"in2DMode":false,"pivot":{"x":-1.4901161193847657e-8,"y":0.27822160720825198,"z":-0.2087576985359192},"rotation":{"x":-0.07394332438707352,"y":0.9238396286964417,"z":-0.29675596952438357,"w":-0.23019467294216157},"size":0.5755062699317932,"orthographic":false}