{"cameraMode":{"drawMode":0,"name":"Shaded","section":"Shading Mode"},"sceneLighting":true,"audioPlay":false,"sceneViewState":{"m_AlwaysRefresh":false,"showFog":true,"showSkybox":true,"showFlares":true,"showImageEffects":true,"showParticleSystems":true,"showVisualEffectGraphs":true,"m_FxEnabled":true},"in2DMode":false,"pivot":{"x":-223.9954833984375,"y":-3.4794797897338869,"z":97.25370025634766},"rotation":{"x":0.008424133993685246,"y":0.9908866286277771,"z":-0.07476706057786942,"w":0.11193324625492096},"size":41.986385345458987,"orthographic":false}