{"cameraMode":{"drawMode":0,"name":"Shaded","section":"Shading Mode"},"sceneLighting":true,"audioPlay":false,"sceneViewState":{"m_AlwaysRefresh":false,"showFog":true,"showSkybox":true,"showFlares":true,"showImageEffects":true,"showParticleSystems":true,"showVisualEffectGraphs":true,"m_FxEnabled":true},"in2DMode":false,"pivot":{"x":-287.2275085449219,"y":-8.773120880126954,"z":185.08831787109376},"rotation":{"x":0.030352609232068063,"y":0.7242028713226318,"z":0.031972624361515048,"w":-0.6882165670394898},"size":2.7977983951568605,"orthographic":false}