{"cameraMode":{"drawMode":0,"name":"Shaded","section":"Shading Mode"},"sceneLighting":true,"audioPlay":false,"sceneViewState":{"m_AlwaysRefresh":false,"showFog":true,"showSkybox":true,"showFlares":true,"showImageEffects":true,"showParticleSystems":true,"showVisualEffectGraphs":true,"m_FxEnabled":true},"in2DMode":false,"pivot":{"x":2.1600000858306886,"y":0.49947965145111086,"z":2.6561481952667238},"rotation":{"x":-0.11336921900510788,"y":0.35717472434043887,"z":-0.04372343420982361,"w":-0.9261012077331543},"size":5.2153239250183109,"orthographic":false}