{"cameraMode":{"drawMode":0,"name":"Shaded","section":"Shading Mode"},"sceneLighting":false,"audioPlay":false,"sceneViewState":{"m_AlwaysRefresh":false,"showFog":true,"showSkybox":false,"showFlares":true,"showImageEffects":true,"showParticleSystems":true,"showVisualEffectGraphs":true,"m_FxEnabled":true},"in2DMode":false,"pivot":{"x":-1.6391277313232423e-7,"y":0.9060534238815308,"z":0.00045603513717651367},"rotation":{"x":-0.07394332438707352,"y":0.9238396286964417,"z":-0.29675596952438357,"w":-0.23019467294216157},"size":0.9369331002235413,"orthographic":false}