{"cameraMode":{"drawMode":0,"name":"Shaded","section":"Shading Mode"},"sceneLighting":false,"audioPlay":false,"sceneViewState":{"m_AlwaysRefresh":false,"showFog":true,"showSkybox":false,"showFlares":true,"showImageEffects":true,"showParticleSystems":true,"showVisualEffectGraphs":true,"m_FxEnabled":true},"in2DMode":false,"pivot":{"x":2.9802322387695315e-8,"y":0.36914634704589846,"z":-0.06397309899330139},"rotation":{"x":-0.07394332438707352,"y":0.9238396286964417,"z":-0.29675596952438357,"w":-0.23019467294216157},"size":0.7355875372886658,"orthographic":false}