{"cameraMode":{"drawMode":0,"name":"Shaded","section":"Shading Mode"},"sceneLighting":false,"audioPlay":false,"sceneViewState":{"m_AlwaysRefresh":false,"showFog":true,"showSkybox":false,"showFlares":true,"showImageEffects":true,"showParticleSystems":true,"showVisualEffectGraphs":true,"m_FxEnabled":true},"in2DMode":false,"pivot":{"x":-0.007721573114395142,"y":0.7336974143981934,"z":0.019044160842895509},"rotation":{"x":-0.07394332438707352,"y":0.9238396286964417,"z":-0.29675596952438357,"w":-0.23019467294216157},"size":0.9463295936584473,"orthographic":false}